Annualized Mean,Annualized Std,Sharpe,t-stat Mean,Max Drawdown
0.0018531876675618444,0.06746246069789184,0.027469909167125228,1.4337082192297361,-0.21307840193632074
