Annualized Mean,Annualized Std,Sharpe,t-stat Mean,Max Drawdown
-0.013482228981580559,0.12077047615453013,-0.11163513973671485,-5.826456011253638,-0.5814503526086832
