Annualized Mean,Annualized Std,Sharpe,t-stat Mean,Max Drawdown
0.0007204959268792307,0.003468341368203126,0.20773500944415524,10.865950958430481,-0.017202037187543987
