Annualized Mean,Annualized Std,Sharpe,t-stat Mean,Max Drawdown
-0.04828786820357299,0.2137132275006456,-0.2259470261541351,-11.792616660537748,-0.7716629504782102
