alpha,beta_mkt,t_alpha,t_beta_mkt,r2,n_obs
0.00019713462350748405,-0.013667980968336435,0.15185858401905963,-0.4612573522280488,0.0009446993436249551,227
