,Coefficient,t-statistic,p-value
const,6.3e-05,0.950308,0.342971
BOND_MKT_EW,-0.086,-2.135037,0.033834
R-squared,0.01977105486443642,,
