alpha,beta_bond_mkt,t_alpha,t_beta_bond_mkt,r2,n_obs
6.25344165436385e-05,-0.08599964713186953,0.9503081517662372,-2.1350368681707974,0.01977105486443642,228
