,Coefficient,t-statistic,p-value
const,0.000197,0.151859,0.879435
MKT_EW,-0.013668,-0.461257,0.64506
R-squared,0.0009446993436249551,,
